{
	"format_version": "1.13.0",
	"minecraft:entity": {
		"description": {
			"identifier": "potions:chunk_loader",
			"is_spawnable": true,
			"is_summonable": true,
			"is_experimental": false
		},
		"components": {
			"minecraft:nameable": {},
			"minecraft:type_family": {
				"family": [
					"chunk_loader"
				]
			},
			"minecraft:collision_box": {
				"width": 0.6,
				"height": 1.9
			},
			"minecraft:health": {
				"value": 20,
				"max": 20
			},
			"minecraft:hurt_on_condition": {
				"damage_conditions": [
					{
						"filters": {
							"test": "in_lava",
							"subject": "self",
							"operator": "==",
							"value": true
						},
						"cause": "lava",
						"damage_per_tick": 4
					}
				]
			},
			"minecraft:loot": {
				"table": "loot_tables/entities/chunk_loader.json"
			},
			"minecraft:physics": {},
			"minecraft:tick_world": {
				"radius": 4,
				"never_despawn": true
			},
			"minecraft:addrider": {
				"entity_type": "minecraft:minecart"
			}
		},
		"events": {},
		"component_groups": {}
	}
}