{
	"format_version": "1.19.0",
	"minecraft:geometry": [
		{
			"description": {
				"identifier": "geometry.bee",
				"texture_width": 64,
				"texture_height": 64,
				"visible_bounds_width": 3,
				"visible_bounds_height": 2.5,
				"visible_bounds_offset": [0, 0.75, 0]
			},
			"bones": [
				{
					"name": "block",
					"pivot": [0, 7, 0]
				},
				{
					"name": "torso",
					"parent": "block",
					"pivot": [0, 12, 0],
					"cubes": [
						{"origin": [-3.5, 9, -5], "size": [7, 7, 10], "uv": [0, 0]},
						{"origin": [0, 12, 5], "size": [0, 1, 2], "uv": [24, 7]}
					]
				},
				{
					"name": "left_antenna2",
					"parent": "torso",
					"pivot": [0, 14, -5],
					"cubes": [
						{"origin": [1.5, 14, -8], "size": [1, 2, 3], "uv": [2, 0]}
					]
				},
				{
					"name": "right_antenna2",
					"parent": "torso",
					"pivot": [0, 14, -5],
					"cubes": [
						{"origin": [-2.5, 14, -8], "size": [1, 2, 3], "uv": [2, 3]}
					]
				},
				{
					"name": "left_wing2",
					"parent": "torso",
					"pivot": [1.5, 16, -3],
					"cubes": [
						{"origin": [1.5, 16, -3], "size": [9, 0, 6], "uv": [0, 18], "mirror": true}
					]
				},
				{
					"name": "right_wing2",
					"parent": "torso",
					"pivot": [-1.5, 16, -3],
					"cubes": [
						{"origin": [-10.5, 16, -3], "size": [9, 0, 6], "uv": [0, 18]}
					]
				},
				{
					"name": "front_legs2",
					"parent": "torso",
					"pivot": [0, 9, -2],
					"cubes": [
						{"origin": [-1.5, 7, -2], "size": [3, 2, 0], "uv": [28, 1]}
					]
				},
				{
					"name": "middle_legs2",
					"parent": "torso",
					"pivot": [0, 9, 0],
					"cubes": [
						{"origin": [-2.5, 7, 0], "size": [5, 2, 0], "uv": [27, 3]}
					]
				},
				{
					"name": "back_legs2",
					"parent": "torso",
					"pivot": [0, 9, 2],
					"cubes": [
						{"origin": [-2.5, 7, 2], "size": [5, 2, 0], "uv": [27, 5]}
					]
				},
				{
					"name": "left_antenna",
					"parent": "block",
					"pivot": [0, 7, 0]
				},
				{
					"name": "right_antenna",
					"parent": "block",
					"pivot": [0, 7, 0]
				},
				{
					"name": "left_wing",
					"parent": "block",
					"pivot": [0, 7, 0]
				},
				{
					"name": "right_wing",
					"parent": "block",
					"pivot": [0, 7, 0]
				},
				{
					"name": "front_legs",
					"parent": "block",
					"pivot": [0, 7, 0]
				},
				{
					"name": "middle_legs",
					"parent": "block",
					"pivot": [0, 7, 0]
				},
				{
					"name": "back_legs",
					"parent": "block",
					"pivot": [0, 7, 0]
				},
				{
					"name": "stinger",
					"parent": "block",
					"pivot": [0, 7, 0]
				}
			]
		}
	]
}