{
	"format_version": "1.12",
	"minecraft:recipe_shaped": {
		"description": {
			"identifier": "potions:ethereal_apex_overworld"
		},
		"tags": [
			"crafting_table"
		],
		"key": {
			"A": {
				"item": "minecraft:blue_ice"
			},
			"B": {
				"item": "minecraft:water_bucket"
			},
			"C": {
				"item": "minecraft:mossy_stone_bricks"
			},
			"D": {
				"item": "minecraft:emerald_block"
			},
			"E": {
				"item": "minecraft:enchanted_golden_apple"
			},
			"F": {
				"item": "minecraft:pitcher_plant"
			},
			"G": {
				"item": "minecraft:chiseled_sandstone"
			},
			"H": {
				"item": "minecraft:lava_bucket"
			},
			"I": {
				"item": "minecraft:red_mushroom_block"
			}
		},
		"pattern": [
			"ABC",
			"DEF",
			"GHI"
		],
		"result": {
			"item": "potions:ethereal_apex"
		}
	}
}